<?xml version="1.0" encoding="UTF-8"?>
<project-private xmlns="http://www.netbeans.org/ns/project-private/1">
    <editor-bookmarks xmlns="http://www.netbeans.org/ns/editor-bookmarks/2" lastBookmarkId="0"/>
    <open-files xmlns="http://www.netbeans.org/ns/projectui-open-files/2">
        <group>
            <file>file:/C:/xampp/htdocs/PhpProject1/Vista/Admin/Administrador_Calend.php</file>
            <file>file:/C:/xampp/htdocs/PhpProject1/Controlador/conexion.php</file>
            <file>file:/C:/xampp/htdocs/PhpProject1/Controlador/validar_sesion.php</file>
            <file>file:/C:/xampp/htdocs/PhpProject1/Vista/Admin/Administrador_Main.php</file>
            <file>file:/C:/xampp/htdocs/PhpProject1/Vista/Admin/Administrador_Tablas.php</file>
            <file>file:/C:/xampp/htdocs/PhpProject1/Vista/Admin/Administrador_Perfil.php</file>
            <file>file:/C:/xampp/htdocs/PhpProject1/Vista/login.php</file>
        </group>
    </open-files>
</project-private>
